<?xml version="1.0" encoding="UTF-8"?>
<root>
  <item name="com.google.android.exoplayer2.ui.AspectRatioFrameLayout int getResizeMode()">
    <annotation name="android.support.annotation.IntDef">
      <val name="value" val="{com.google.android.exoplayer2.ui.AspectRatioFrameLayout.RESIZE_MODE_FIT, com.google.android.exoplayer2.ui.AspectRatioFrameLayout.RESIZE_MODE_FIXED_WIDTH, com.google.android.exoplayer2.ui.AspectRatioFrameLayout.RESIZE_MODE_FIXED_HEIGHT, com.google.android.exoplayer2.ui.AspectRatioFrameLayout.RESIZE_MODE_FILL, com.google.android.exoplayer2.ui.AspectRatioFrameLayout.RESIZE_MODE_ZOOM}" />
    </annotation>
  </item>
  <item name="com.google.android.exoplayer2.ui.AspectRatioFrameLayout void setResizeMode(int) 0">
    <annotation name="android.support.annotation.IntDef">
      <val name="value" val="{com.google.android.exoplayer2.ui.AspectRatioFrameLayout.RESIZE_MODE_FIT, com.google.android.exoplayer2.ui.AspectRatioFrameLayout.RESIZE_MODE_FIXED_WIDTH, com.google.android.exoplayer2.ui.AspectRatioFrameLayout.RESIZE_MODE_FIXED_HEIGHT, com.google.android.exoplayer2.ui.AspectRatioFrameLayout.RESIZE_MODE_FILL, com.google.android.exoplayer2.ui.AspectRatioFrameLayout.RESIZE_MODE_ZOOM}" />
    </annotation>
  </item>
  <item name="com.google.android.exoplayer2.ui.AspectRatioFrameLayout.ResizeMode">
    <annotation name="android.support.annotation.IntDef">
      <val name="value" val="{com.google.android.exoplayer2.ui.AspectRatioFrameLayout.RESIZE_MODE_FIT, com.google.android.exoplayer2.ui.AspectRatioFrameLayout.RESIZE_MODE_FIXED_WIDTH, com.google.android.exoplayer2.ui.AspectRatioFrameLayout.RESIZE_MODE_FIXED_HEIGHT, com.google.android.exoplayer2.ui.AspectRatioFrameLayout.RESIZE_MODE_FILL, com.google.android.exoplayer2.ui.AspectRatioFrameLayout.RESIZE_MODE_ZOOM}" />
    </annotation>
  </item>
  <item name="com.google.android.exoplayer2.ui.PlayerView void setResizeMode(int) 0">
    <annotation name="android.support.annotation.IntDef">
      <val name="value" val="{com.google.android.exoplayer2.ui.AspectRatioFrameLayout.RESIZE_MODE_FIT, com.google.android.exoplayer2.ui.AspectRatioFrameLayout.RESIZE_MODE_FIXED_WIDTH, com.google.android.exoplayer2.ui.AspectRatioFrameLayout.RESIZE_MODE_FIXED_HEIGHT, com.google.android.exoplayer2.ui.AspectRatioFrameLayout.RESIZE_MODE_FILL, com.google.android.exoplayer2.ui.AspectRatioFrameLayout.RESIZE_MODE_ZOOM}" />
    </annotation>
  </item>
</root>

